sku,on_hand,daily_sales,supplier
SKU-100,159,5.5,Borealis
SKU-101,176,18.9,Cobalt
SKU-102,166,18.5,Acme
SKU-103,119,15.6,Acme
SKU-104,166,1.5,Acme
SKU-105,28,7.7,Acme
SKU-106,97,11.1,Cobalt
SKU-107,63,0.8,Acme
SKU-108,104,5.9,Borealis
SKU-109,40,15.4,Acme
SKU-110,35,12.5,Borealis
SKU-111,32,3.1,Acme
SKU-112,53,15.6,Acme
SKU-113,42,6.1,Acme
SKU-114,138,17.6,Cobalt
SKU-115,52,4.0,Cobalt
SKU-116,50,19.3,Borealis
SKU-117,76,0.9,Borealis
SKU-118,42,18.7,Borealis
SKU-119,16,7.0,Cobalt
SKU-120,150,0.6,Cobalt
SKU-121,181,7.1,Borealis
SKU-122,90,16.5,Borealis
SKU-123,178,6.7,Borealis
SKU-124,120,14.2,Acme
SKU-125,65,19.5,Acme
SKU-126,191,7.5,Borealis
SKU-127,4,11.2,Borealis
SKU-128,93,7.8,Acme
SKU-129,115,1.4,Acme
SKU-130,159,19.1,Acme
SKU-131,30,15.2,Borealis
SKU-132,88,10.5,Cobalt
SKU-133,64,15.6,Acme
SKU-134,150,15.1,Borealis
SKU-135,75,1.2,Acme
SKU-136,53,7.1,Cobalt
SKU-137,92,18.4,Borealis
SKU-138,70,18.5,Cobalt
SKU-139,23,6.6,Borealis
