station_id,timestamp,temp,unit
ST09,2026-09-30T18:00:00,26.2,C
ST01,2026-09-30T07:00:00,5.5,C
ST07,2026-09-30T04:00:00,17.1,C
ST01,2026-10-01T18:00:00,12.8,C
ST11,2026-09-30T08:00:00,12.2,C
ST12,2026-09-30T22:00:00,20.8,C
ST04,2026-10-01T13:00:00,66.9,F
ST10,2026-10-01T22:00:00,5.0,C
ST06,2026-09-30T05:00:00,9.9,C
ST06,2026-10-01T16:00:00,18.4,C
ST08,2026-09-30T18:00:00,42.4,C
ST10,2026-10-01T11:00:00,11.8,C
ST10,2026-09-30T21:00:00,5.8,C
ST01,2026-10-01T11:00:00,11.3,C
ST09,2026-09-30T10:00:00,23.1,C
ST09,2026-10-01T23:00:00,19.7,C
ST12,2026-09-30T15:00:00,28.3,C
ST03,2026-09-30T14:00:00,15.6,C
ST06,2026-10-01T17:00:00,19.6,C
ST07,2026-09-30T15:00:00,27.4,C
ST11,2026-10-01T02:00:00,7.3,C
ST04,2026-09-30T10:00:00,58.8,F
ST03,2026-10-01T02:00:00,3.6,C
ST10,2026-10-01T07:00:00,3.3,C
ST03,2026-10-01T04:00:00,2.6,C
ST10,2026-09-30T22:00:00,7.4,C
ST02,2026-10-01T20:00:00,10.6,C
ST08,2026-10-01T23:00:00,32.8,C
ST05,2026-09-30T19:00:00,62.2,F
ST02,2026-10-01T01:00:00,-0.2,C
ST07,2026-09-30T06:00:00,18.6,C
ST07,2026-09-30T10:00:00,24.1,C
ST02,2026-10-01T13:00:00,13.9,C
ST10,2026-09-30T20:00:00,9.3,C
ST09,2026-10-01T03:00:00,17.3,C
ST04,2026-10-01T16:00:00,69.9,F
ST06,2026-10-01T06:00:00,10.0,C
ST04,2026-10-01T10:00:00,59.7,F
ST11,2026-09-30T13:00:00,19.4,C
ST07,2026-10-01T05:00:00,17.8,C
ST10,2026-09-30T13:00:00,13.1,C
ST09,2026-09-30T15:00:00,28.2,C
ST08,2026-10-01T13:00:00,41.2,C
ST06,2026-10-01T07:00:00,9.6,C
ST10,2026-10-01T10:00:00,10.3,C
ST05,2026-10-01T07:00:00,51.4,F
ST09,2026-10-01T08:00:00,21.9,C
ST08,2026-09-30T07:00:00,32.2,C
ST02,2026-09-30T23:00:00,5.7,C
ST03,2026-09-30T16:00:00,12.1,C
ST06,2026-10-01T09:00:00,13.2,C
ST02,2026-10-01T03:00:00,1.1,C
ST02,2026-09-30T18:00:00,13.8,C
ST02,2026-10-01T21:00:00,5.8,C
ST03,2026-09-30T19:00:00,10.6,C
ST10,2026-09-30T09:00:00,5.6,C
ST11,2026-10-01T01:00:00,9.2,C
ST04,2026-10-01T03:00:00,40.6,F
ST07,2026-10-01T01:00:00,17.9,C
ST11,2026-10-01T09:00:00,14.1,C
ST09,2026-10-01T17:00:00,27.4,C
ST08,2026-09-30T06:00:00,30.1,C
ST10,2026-09-30T14:00:00,13.5,C
ST01,2026-09-30T21:00:00,8.0,C
ST04,2026-10-01T06:00:00,,F
ST04,2026-10-01T04:00:00,49.1,F
ST07,2026-09-30T03:00:00,15.4,C
ST01,2026-10-01T00:00:00,4.1,C
ST01,2026-09-30T14:00:00,14.4,C
ST02,2026-10-01T18:00:00,9.9,C
ST04,2026-10-01T09:00:00,59.8,F
ST12,2026-10-01T21:00:00,24.2,C
ST02,2026-09-30T00:00:00,3.6,C
ST04,2026-10-01T12:00:00,66.6,F
ST01,2026-09-30T06:00:00,5.1,C
ST09,2026-09-30T06:00:00,16.5,C
ST03,2026-10-01T07:00:00,5.7,C
ST11,2026-10-01T04:00:00,7.8,C
ST07,2026-10-01T06:00:00,17.7,C
ST08,2026-09-30T23:00:00,32.1,C
ST08,2026-09-30T01:00:00,32.0,C
ST01,2026-09-30T05:00:00,2.5,C
ST06,2026-09-30T10:00:00,14.1,C
ST03,2026-09-30T11:00:00,11.0,C
ST05,2026-09-30T07:00:00,48.6,F
ST02,2026-10-01T04:00:00,0.9,C
ST04,2026-10-01T07:00:00,48.6,F
ST11,2026-09-30T22:00:00,12.3,C
ST01,2026-10-01T21:00:00,9.6,C
ST09,2026-10-01T18:00:00,26.7,C
ST05,2026-10-01T15:00:00,67.2,F
ST11,2026-09-30T12:00:00,16.4,C
ST07,2026-10-01T18:00:00,27.0,C
ST02,2026-09-30T12:00:00,13.0,C
ST11,2026-09-30T07:00:00,10.2,C
ST10,2026-10-01T18:00:00,12.2,C
ST03,2026-10-01T18:00:00,12.2,C
ST10,2026-09-30T05:00:00,2.1,C
ST03,2026-10-01T22:00:00,8.7,C
ST10,2026-09-30T19:00:00,9.9,C
ST02,2026-09-30T11:00:00,9.4,C
ST12,2026-09-30T00:00:00,18.7,C
ST05,2026-09-30T12:00:00,64.8,F
ST12,2026-10-01T11:00:00,,C
ST09,2026-09-30T12:00:00,25.3,C
ST09,2026-10-01T04:00:00,16.9,C
ST07,2026-09-30T00:00:00,,C
ST02,2026-09-30T16:00:00,12.6,C
ST10,2026-09-30T12:00:00,12.9,C
ST05,2026-10-01T20:00:00,60.0,F
ST12,2026-10-01T19:00:00,25.0,C
ST04,2026-09-30T12:00:00,64.3,F
ST11,2026-10-01T22:00:00,12.8,C
ST04,2026-09-30T17:00:00,64.0,F
ST10,2026-10-01T05:00:00,,C
ST05,2026-10-01T09:00:00,59.4,F
ST07,2026-10-01T13:00:00,26.2,C
ST11,2026-10-01T18:00:00,17.3,C
ST05,2026-10-01T03:00:00,44.2,F
ST04,2026-09-30T04:00:00,45.8,F
ST06,2026-10-01T08:00:00,10.6,C
ST09,2026-10-01T07:00:00,999.0,C
ST02,2026-09-30T22:00:00,8.2,C
ST02,2026-09-30T10:00:00,9.7,C
ST02,2026-10-01T04:00:00,0.9,C
ST07,2026-09-30T13:00:00,28.8,C
ST09,2026-09-30T11:00:00,23.4,C
ST07,2026-10-01T15:00:00,29.4,C
ST06,2026-09-30T09:00:00,15.3,C
ST12,2026-09-30T05:00:00,15.5,C
ST07,2026-10-01T10:00:00,24.6,C
ST09,2026-10-01T09:00:00,21.7,C
ST06,2026-10-01T02:00:00,999.0,C
ST09,2026-09-30T00:00:00,18.3,C
ST10,2026-09-30T17:00:00,13.8,C
ST04,2026-09-30T13:00:00,66.4,F
ST06,2026-09-30T07:00:00,9.7,C
ST03,2026-10-01T12:00:00,13.2,C
ST11,2026-09-30T05:00:00,9.2,C
ST12,2026-09-30T01:00:00,17.9,C
ST09,2026-10-01T16:00:00,,C
ST01,2026-10-01T22:00:00,4.0,C
ST03,2026-10-01T01:00:00,3.6,C
ST08,2026-09-30T14:00:00,40.4,C
ST04,2026-10-01T15:00:00,71.3,F
ST11,2026-10-01T13:00:00,18.8,C
ST08,2026-10-01T10:00:00,37.6,C
ST08,2026-10-01T16:00:00,41.8,C
ST12,2026-09-30T04:00:00,16.8,C
ST04,2026-10-01T08:00:00,54.8,F
ST02,2026-10-01T08:00:00,6.7,C
ST05,2026-10-01T11:00:00,62.9,F
ST08,2026-09-30T19:00:00,40.0,C
ST08,2026-10-01T21:00:00,37.3,C
ST11,2026-09-30T17:00:00,,C
ST09,2026-10-01T05:00:00,17.9,C
ST06,2026-10-01T22:00:00,13.3,C
ST12,2026-10-01T09:00:00,23.0,C
ST12,2026-10-01T06:00:00,19.4,C
ST07,2026-10-01T21:00:00,22.5,C
ST07,2026-10-01T19:00:00,25.6,C
ST06,2026-09-30T21:00:00,999.0,C
ST11,2026-09-30T09:00:00,10.7,C
ST06,2026-09-30T01:00:00,10.0,C
ST02,2026-10-01T17:00:00,13.8,C
ST01,2026-10-01T13:00:00,12.0,C
ST07,2026-10-01T09:00:00,21.6,C
ST03,2026-10-01T09:00:00,8.3,C
ST10,2026-09-30T07:00:00,3.2,C
ST10,2026-09-30T01:00:00,2.9,C
ST04,2026-09-30T02:00:00,47.6,F
ST08,2026-10-01T14:00:00,41.7,C
ST10,2026-10-01T14:00:00,12.2,C
ST05,2026-09-30T03:00:00,43.1,F
ST11,2026-10-01T23:00:00,12.5,C
ST08,2026-10-01T09:00:00,36.9,C
ST05,2026-09-30T13:00:00,64.1,F
ST06,2026-09-30T20:00:00,15.3,C
ST07,2026-09-30T01:00:00,15.8,C
ST05,2026-09-30T22:00:00,54.2,F
ST03,2026-09-30T21:00:00,6.8,C
ST08,2026-09-30T22:00:00,31.9,C
ST04,2026-09-30T03:00:00,46.9,F
ST06,2026-10-01T10:00:00,16.7,C
ST05,2026-10-01T00:00:00,50.4,F
ST11,2026-10-01T16:00:00,21.1,C
ST03,2026-09-30T12:00:00,11.2,C
ST11,2026-10-01T05:00:00,7.9,C
ST03,2026-10-01T02:00:00,3.6,C
ST11,2026-09-30T20:00:00,15.5,C
ST05,2026-10-01T16:00:00,63.6,F
ST03,2026-09-30T07:00:00,6.4,C
ST09,2026-09-30T14:00:00,28.4,C
ST09,2026-09-30T20:00:00,25.5,C
ST02,2026-09-30T02:00:00,,C
ST04,2026-09-30T20:00:00,61.9,F
ST08,2026-09-30T16:00:00,43.8,C
ST12,2026-10-01T00:00:00,19.4,C
ST08,2026-09-30T15:00:00,,C
ST08,2026-09-30T02:00:00,30.6,C
ST06,2026-09-30T09:00:00,15.3,C
ST11,2026-10-01T07:00:00,10.9,C
ST04,2026-09-30T01:00:00,48.4,F
ST06,2026-10-01T01:00:00,8.1,C
ST05,2026-10-01T18:00:00,65.5,F
ST01,2026-09-30T13:00:00,14.2,C
ST09,2026-09-30T07:00:00,15.8,C
ST07,2026-09-30T05:00:00,,C
ST04,2026-10-01T02:00:00,49.1,F
ST10,2026-10-01T19:00:00,11.0,C
ST05,2026-10-01T09:00:00,59.4,F
ST02,2026-09-30T21:00:00,8.3,C
ST04,2026-10-01T10:00:00,59.7,F
ST05,2026-10-01T06:00:00,52.7,F
ST09,2026-10-01T12:00:00,,C
ST08,2026-10-01T12:00:00,39.5,C
ST01,2026-09-30T23:00:00,4.2,C
ST03,2026-10-01T16:00:00,13.3,C
ST08,2026-09-30T09:00:00,36.2,C
ST01,2026-10-01T15:00:00,15.5,C
ST07,2026-10-01T04:00:00,16.6,C
ST09,2026-10-01T19:00:00,26.4,C
ST07,2026-09-30T11:00:00,22.5,C
ST10,2026-09-30T16:00:00,16.0,C
ST02,2026-10-01T20:00:00,10.6,C
ST12,2026-10-01T14:00:00,27.2,C
ST10,2026-09-30T02:00:00,1.9,C
ST03,2026-10-01T03:00:00,3.0,C
ST03,2026-10-01T20:00:00,9.2,C
ST07,2026-09-30T09:00:00,22.8,C
ST05,2026-09-30T11:00:00,60.6,F
ST01,2026-09-30T08:00:00,7.7,C
ST12,2026-10-01T17:00:00,28.1,C
ST06,2026-09-30T16:00:00,21.9,C
ST02,2026-10-01T07:00:00,5.2,C
ST09,2026-10-01T02:00:00,15.8,C
ST01,2026-10-01T23:00:00,4.6,C
ST07,2026-09-30T08:00:00,22.0,C
ST08,2026-10-01T19:00:00,37.5,C
ST03,2026-09-30T08:00:00,5.7,C
ST11,2026-10-01T08:00:00,11.9,C
ST05,2026-09-30T17:00:00,69.9,F
ST07,2026-10-01T17:00:00,24.1,C
ST07,2026-10-01T23:00:00,19.6,C
ST06,2026-09-30T11:00:00,17.0,C
ST05,2026-10-01T17:00:00,68.3,F
ST07,2026-10-01T16:00:00,28.6,C
ST04,2026-10-01T19:00:00,60.1,F
ST04,2026-09-30T09:00:00,58.0,F
ST01,2026-09-30T09:00:00,8.3,C
ST02,2026-09-30T17:00:00,12.6,C
ST06,2026-10-01T15:00:00,19.9,C
ST01,2026-09-30T11:00:00,11.2,C
ST08,2026-10-01T05:00:00,31.3,C
ST12,2026-09-30T21:00:00,22.0,C
ST04,2026-10-01T20:00:00,62.0,F
ST01,2026-09-30T19:00:00,10.4,C
ST12,2026-09-30T23:00:00,18.5,C
ST11,2026-09-30T02:00:00,8.1,C
ST09,2026-09-30T22:00:00,21.7,C
ST11,2026-09-30T14:00:00,20.0,C
ST07,2026-09-30T12:00:00,27.3,C
ST07,2026-09-30T21:00:00,22.8,C
ST02,2026-10-01T19:00:00,10.2,C
ST11,2026-09-30T10:00:00,14.4,C
ST07,2026-09-30T14:00:00,27.4,C
ST12,2026-09-30T16:00:00,28.5,C
ST10,2026-09-30T04:00:00,0.9,C
ST10,2026-09-30T08:00:00,5.9,C
ST09,2026-09-30T23:00:00,17.7,C
ST02,2026-09-30T13:00:00,12.5,C
ST11,2026-10-01T14:00:00,21.1,C
ST07,2026-09-30T18:00:00,26.8,C
ST10,2026-10-01T20:00:00,10.1,C
ST09,2026-10-01T20:00:00,24.5,C
ST12,2026-10-01T03:00:00,15.4,C
ST06,2026-10-01T19:00:00,17.4,C
ST08,2026-10-01T00:00:00,31.7,C
ST01,2026-09-30T02:00:00,1.9,C
ST02,2026-09-30T04:00:00,0.4,C
ST01,2026-09-30T18:00:00,11.2,C
ST09,2026-09-30T02:00:00,13.9,C
ST02,2026-09-30T03:00:00,1.9,C
ST11,2026-09-30T00:00:00,9.5,C
ST06,2026-10-01T05:00:00,9.8,C
ST06,2026-09-30T19:00:00,18.2,C
ST07,2026-09-30T07:00:00,19.4,C
ST08,2026-09-30T21:00:00,36.3,C
ST11,2026-09-30T16:00:00,19.5,C
ST10,2026-09-30T06:00:00,3.8,C
ST12,2026-10-01T11:00:00,,C
ST03,2026-09-30T00:00:00,2.2,C
ST04,2026-09-30T00:00:00,47.1,F
ST02,2026-10-01T06:00:00,5.1,C
ST08,2026-09-30T12:00:00,42.8,C
ST03,2026-10-01T05:00:00,3.0,C
ST10,2026-10-01T13:00:00,14.6,C
ST08,2026-09-30T00:00:00,29.4,C
ST05,2026-10-01T08:00:00,52.8,F
ST08,2026-09-30T03:00:00,29.2,C
ST03,2026-10-01T13:00:00,13.9,C
ST12,2026-10-01T16:00:00,27.8,C
ST09,2026-09-30T19:00:00,25.7,C
ST03,2026-10-01T17:00:00,12.8,C
ST07,2026-09-30T02:00:00,16.6,C
ST11,2026-10-01T15:00:00,20.1,C
ST12,2026-09-30T07:00:00,17.8,C
ST04,2026-09-30T06:00:00,50.2,F
ST02,2026-09-30T14:00:00,13.3,C
ST06,2026-10-01T11:00:00,16.3,C
ST08,2026-09-30T11:00:00,37.8,C
ST08,2026-09-30T08:00:00,34.8,C
ST10,2026-10-01T09:00:00,8.3,C
ST02,2026-09-30T20:00:00,7.8,C
ST08,2026-10-01T02:00:00,29.3,C
ST02,2026-10-01T16:00:00,14.9,C
ST09,2026-09-30T17:00:00,28.0,C
ST06,2026-09-30T15:00:00,20.3,C
ST09,2026-10-01T10:00:00,23.7,C
ST02,2026-09-30T01:00:00,1.8,C
ST09,2026-10-01T06:00:00,17.5,C
ST01,2026-10-01T19:00:00,9.2,C
ST10,2026-10-01T16:00:00,12.5,C
ST10,2026-10-01T21:00:00,6.1,C
ST01,2026-10-01T12:00:00,11.7,C
ST02,2026-09-30T05:00:00,3.8,C
ST05,2026-10-01T02:00:00,50.0,F
ST02,2026-10-01T10:00:00,,C
ST04,2026-09-30T22:00:00,50.7,F
ST06,2026-10-01T14:00:00,18.0,C
ST06,2026-10-01T18:00:00,15.4,C
ST06,2026-09-30T06:00:00,7.5,C
ST09,2026-09-30T03:00:00,16.1,C
ST07,2026-10-01T20:00:00,25.6,C
ST12,2026-09-30T11:00:00,25.0,C
ST05,2026-09-30T16:00:00,,F
ST11,2026-09-30T03:00:00,,C
ST02,2026-10-01T09:00:00,8.5,C
ST05,2026-09-30T08:00:00,57.1,F
ST11,2026-09-30T15:00:00,18.3,C
ST06,2026-09-30T22:00:00,11.8,C
ST12,2026-10-01T08:00:00,19.6,C
ST12,2026-10-01T20:00:00,21.5,C
ST11,2026-09-30T11:00:00,17.0,C
ST05,2026-10-01T19:00:00,61.3,F
ST04,2026-09-30T19:00:00,64.7,F
ST04,2026-09-30T23:00:00,51.1,F
ST03,2026-10-01T00:00:00,2.8,C
ST08,2026-10-01T20:00:00,38.1,C
ST02,2026-10-01T05:00:00,4.0,C
ST12,2026-10-01T01:00:00,16.0,C
ST01,2026-09-30T04:00:00,1.1,C
ST02,2026-10-01T21:00:00,5.8,C
ST12,2026-10-01T05:00:00,17.7,C
ST02,2026-09-30T19:00:00,8.6,C
ST11,2026-10-01T00:00:00,10.6,C
ST05,2026-10-01T04:00:00,49.2,F
ST12,2026-09-30T18:00:00,25.3,C
ST05,2026-09-30T05:00:00,45.8,F
ST12,2026-10-01T07:00:00,19.0,C
ST06,2026-09-30T03:00:00,9.9,C
ST02,2026-09-30T06:00:00,4.6,C
ST03,2026-09-30T23:00:00,3.5,C
ST10,2026-10-01T01:00:00,2.7,C
ST12,2026-10-01T15:00:00,,C
ST07,2026-10-01T12:00:00,25.2,C
ST10,2026-10-01T06:00:00,3.0,C
ST10,2026-09-30T05:00:00,2.1,C
ST04,2026-09-30T08:00:00,59.7,F
ST03,2026-10-01T21:00:00,,C
ST04,2026-09-30T18:00:00,64.7,F
ST08,2026-09-30T17:00:00,42.4,C
ST08,2026-10-01T06:00:00,32.5,C
ST03,2026-10-01T14:00:00,16.2,C
ST11,2026-10-01T12:00:00,21.0,C
ST07,2026-10-01T03:00:00,15.9,C
ST04,2026-10-01T03:00:00,40.6,F
ST03,2026-10-01T19:00:00,12.1,C
ST11,2026-09-30T18:00:00,18.8,C
ST12,2026-10-01T12:00:00,28.1,C
ST07,2026-09-30T22:00:00,22.7,C
ST10,2026-10-01T07:00:00,3.3,C
ST11,2026-09-30T01:00:00,8.4,C
ST12,2026-09-30T14:00:00,26.8,C
ST01,2026-10-01T07:00:00,4.1,C
ST01,2026-10-01T08:00:00,6.0,C
ST05,2026-10-01T21:00:00,59.0,F
ST11,2026-09-30T23:00:00,10.9,C
ST05,2026-09-30T00:00:00,50.0,F
ST05,2026-09-30T05:00:00,45.8,F
ST05,2026-09-30T15:00:00,71.4,F
ST07,2026-10-01T08:00:00,19.2,C
ST03,2026-10-01T06:00:00,3.9,C
ST05,2026-09-30T18:00:00,67.0,F
ST11,2026-10-01T21:00:00,16.8,C
ST01,2026-09-30T15:00:00,14.6,C
ST09,2026-09-30T21:00:00,23.2,C
ST08,2026-09-30T14:00:00,40.4,C
ST04,2026-10-01T18:00:00,70.8,F
ST04,2026-09-30T21:00:00,60.4,F
ST03,2026-09-30T02:00:00,2.9,C
ST12,2026-09-30T03:00:00,15.8,C
ST11,2026-09-30T14:00:00,20.0,C
ST04,2026-10-01T22:00:00,54.7,F
ST03,2026-09-30T04:00:00,2.6,C
ST06,2026-09-30T02:00:00,10.0,C
ST08,2026-10-01T01:00:00,31.4,C
ST01,2026-10-01T01:00:00,3.3,C
ST01,2026-10-01T20:00:00,9.6,C
ST09,2026-09-30T19:00:00,25.7,C
ST12,2026-10-01T02:00:00,17.0,C
ST12,2026-10-01T22:00:00,22.1,C
ST04,2026-10-01T14:00:00,67.4,F
ST05,2026-09-30T02:00:00,43.5,F
ST03,2026-09-30T10:00:00,10.8,C
ST09,2026-09-30T04:00:00,15.1,C
ST06,2026-10-01T23:00:00,10.7,C
ST11,2026-10-01T05:00:00,7.9,C
ST11,2026-09-30T19:00:00,17.7,C
ST04,2026-10-01T11:00:00,63.0,F
ST01,2026-10-01T17:00:00,13.5,C
ST03,2026-10-01T23:00:00,1.9,C
ST10,2026-09-30T11:00:00,11.7,C
ST12,2026-09-30T02:00:00,16.8,C
ST11,2026-10-01T03:00:00,6.4,C
ST02,2026-10-01T14:00:00,11.9,C
ST05,2026-10-01T10:00:00,60.2,F
ST04,2026-10-01T01:00:00,49.2,F
ST04,2026-10-01T23:00:00,53.3,F
ST09,2026-10-01T21:00:00,22.0,C
ST05,2026-09-30T01:00:00,49.2,F
ST08,2026-10-01T11:00:00,38.0,C
ST10,2026-10-01T08:00:00,6.5,C
ST12,2026-10-01T13:00:00,28.6,C
ST01,2026-09-30T16:00:00,11.8,C
ST05,2026-10-01T23:00:00,54.7,F
ST08,2026-10-01T22:00:00,35.0,C
ST06,2026-10-01T04:00:00,8.2,C
ST07,2026-10-01T22:00:00,20.4,C
ST10,2026-09-30T18:00:00,13.6,C
ST03,2026-09-30T01:00:00,4.7,C
ST04,2026-10-01T00:00:00,48.8,F
ST02,2026-10-01T12:00:00,12.9,C
ST12,2026-09-30T20:00:00,25.6,C
ST02,2026-09-30T09:00:00,8.4,C
ST08,2026-10-01T15:00:00,42.2,C
ST04,2026-09-30T16:00:00,69.8,F
ST08,2026-10-01T04:00:00,30.8,C
ST05,2026-10-01T14:00:00,62.7,F
ST10,2026-10-01T04:00:00,0.0,C
ST12,2026-10-01T18:00:00,25.5,C
ST01,2026-10-01T06:00:00,3.0,C
ST08,2026-10-01T03:00:00,29.9,C
ST01,2026-10-01T02:00:00,1.4,C
ST05,2026-09-30T20:00:00,55.8,F
ST10,2026-10-01T04:00:00,0.0,C
ST07,2026-09-30T17:00:00,25.1,C
ST01,2026-09-30T12:00:00,10.2,C
ST03,2026-09-30T13:00:00,14.3,C
ST01,2026-10-01T03:00:00,4.1,C
ST05,2026-09-30T09:00:00,58.8,F
ST12,2026-10-01T10:00:00,,C
ST07,2026-09-30T16:00:00,999.0,C
ST01,2026-10-01T04:00:00,2.9,C
ST08,2026-09-30T04:00:00,31.8,C
ST05,2026-09-30T21:00:00,60.3,F
ST11,2026-10-01T20:00:00,16.3,C
ST12,2026-09-30T10:00:00,23.3,C
ST10,2026-10-01T02:00:00,3.0,C
ST02,2026-10-01T23:00:00,6.2,C
ST07,2026-10-01T00:00:00,18.4,C
ST11,2026-10-01T19:00:00,17.3,C
ST12,2026-10-01T18:00:00,25.5,C
ST02,2026-09-30T07:00:00,6.1,C
ST04,2026-09-30T07:00:00,50.7,F
ST10,2026-09-30T23:00:00,6.1,C
ST09,2026-09-30T05:00:00,17.7,C
ST03,2026-10-01T15:00:00,14.4,C
ST03,2026-09-30T17:00:00,13.0,C
ST12,2026-09-30T17:00:00,28.1,C
ST03,2026-09-30T22:00:00,8.0,C
ST03,2026-09-30T03:00:00,1.8,C
ST09,2026-10-01T11:00:00,28.1,C
ST03,2026-10-01T22:00:00,8.7,C
ST04,2026-09-30T15:00:00,66.9,F
ST03,2026-09-30T06:00:00,3.9,C
ST06,2026-09-30T13:00:00,19.2,C
ST03,2026-09-30T09:00:00,7.5,C
ST01,2026-10-01T10:00:00,10.3,C
ST06,2026-09-30T18:00:00,18.9,C
ST10,2026-09-30T00:00:00,4.0,C
ST08,2026-10-01T18:00:00,40.1,C
ST04,2026-09-30T05:00:00,49.3,F
ST09,2026-10-01T00:00:00,17.6,C
ST01,2026-09-30T03:00:00,1.6,C
ST12,2026-09-30T09:00:00,24.5,C
ST05,2026-09-30T10:00:00,63.2,F
ST08,2026-09-30T13:00:00,42.4,C
ST04,2026-10-01T17:00:00,65.9,F
ST08,2026-09-30T04:00:00,31.8,C
ST08,2026-10-01T07:00:00,33.3,C
ST04,2026-10-01T05:00:00,44.7,F
ST08,2026-09-30T20:00:00,36.5,C
ST01,2026-09-30T17:00:00,11.1,C
ST11,2026-10-01T17:00:00,16.3,C
ST11,2026-10-01T10:00:00,16.2,C
ST04,2026-10-01T21:00:00,56.6,F
ST10,2026-10-01T17:00:00,11.9,C
ST05,2026-10-01T01:00:00,48.7,F
ST08,2026-09-30T05:00:00,33.0,C
ST03,2026-09-30T20:00:00,11.2,C
ST06,2026-09-30T23:00:00,12.3,C
ST02,2026-10-01T11:00:00,11.7,C
ST09,2026-10-01T22:00:00,21.5,C
ST11,2026-10-01T08:00:00,11.9,C
ST05,2026-09-30T06:00:00,47.3,F
ST12,2026-10-01T17:00:00,28.1,C
ST02,2026-09-30T08:00:00,8.2,C
ST07,2026-10-01T02:00:00,15.1,C
ST09,2026-10-01T13:00:00,28.2,C
ST01,2026-10-01T05:00:00,4.2,C
ST06,2026-09-30T12:00:00,18.0,C
ST06,2026-09-30T00:00:00,9.7,C
ST11,2026-09-30T06:00:00,9.7,C
ST06,2026-09-30T08:00:00,10.1,C
ST07,2026-10-01T11:00:00,25.1,C
ST06,2026-10-01T21:00:00,11.7,C
ST10,2026-10-01T15:00:00,13.4,C
ST07,2026-09-30T20:00:00,999.0,C
ST01,2026-09-30T10:00:00,10.0,C
ST12,2026-09-30T19:00:00,27.1,C
ST05,2026-10-01T12:00:00,67.9,F
ST06,2026-10-01T03:00:00,9.0,C
ST09,2026-09-30T13:00:00,27.8,C
ST05,2026-09-30T04:00:00,48.1,F
ST07,2026-09-30T19:00:00,27.9,C
ST02,2026-10-01T00:00:00,1.5,C
ST03,2026-09-30T05:00:00,3.6,C
ST03,2026-09-30T18:00:00,12.1,C
ST10,2026-09-30T15:00:00,12.3,C
ST12,2026-10-01T08:00:00,19.6,C
ST06,2026-09-30T17:00:00,19.3,C
ST03,2026-10-01T11:00:00,11.0,C
ST07,2026-09-30T23:00:00,18.9,C
ST01,2026-10-01T14:00:00,13.2,C
ST05,2026-10-01T22:00:00,54.6,F
ST04,2026-09-30T21:00:00,60.4,F
ST01,2026-09-30T01:00:00,3.4,C
ST01,2026-10-01T16:00:00,12.8,C
ST02,2026-10-01T15:00:00,15.5,C
ST10,2026-10-01T12:00:00,14.0,C
ST12,2026-10-01T04:00:00,15.4,C
ST12,2026-09-30T06:00:00,19.2,C
ST04,2026-09-30T11:00:00,62.4,F
ST04,2026-09-30T14:00:00,61.7,F
ST05,2026-10-01T13:00:00,66.0,F
ST03,2026-09-30T15:00:00,13.5,C
ST12,2026-10-01T23:00:00,17.6,C
ST10,2026-10-01T03:00:00,-0.1,C
ST10,2026-10-01T23:00:00,5.0,C
ST12,2026-09-30T12:00:00,27.6,C
ST09,2026-09-30T16:00:00,29.6,C
ST02,2026-10-01T02:00:00,2.6,C
ST01,2026-09-30T00:00:00,3.4,C
ST11,2026-09-30T21:00:00,13.0,C
ST11,2026-09-30T04:00:00,9.0,C
ST10,2026-09-30T03:00:00,2.8,C
ST01,2026-10-01T09:00:00,7.9,C
ST03,2026-10-01T10:00:00,,C
ST01,2026-09-30T22:00:00,7.1,C
ST07,2026-10-01T07:00:00,18.8,C
ST10,2026-09-30T10:00:00,8.7,C
ST10,2026-10-01T00:00:00,1.5,C
ST09,2026-10-01T01:00:00,,C
ST09,2026-09-30T09:00:00,23.9,C
ST06,2026-09-30T14:00:00,19.1,C
ST06,2026-10-01T13:00:00,18.3,C
ST02,2026-10-01T22:00:00,6.2,C
ST05,2026-10-01T05:00:00,51.1,F
ST12,2026-09-30T13:00:00,27.2,C
ST11,2026-10-01T11:00:00,16.5,C
ST03,2026-10-01T08:00:00,6.2,C
ST08,2026-10-01T08:00:00,34.1,C
ST06,2026-10-01T20:00:00,14.8,C
ST11,2026-10-01T06:00:00,8.4,C
ST02,2026-09-30T15:00:00,12.5,C
ST08,2026-09-30T10:00:00,37.1,C
ST06,2026-10-01T12:00:00,17.2,C
ST09,2026-09-30T01:00:00,15.6,C
ST05,2026-09-30T23:00:00,50.5,F
ST12,2026-09-30T08:00:00,20.7,C
ST09,2026-10-01T15:00:00,28.0,C
ST09,2026-09-30T08:00:00,19.2,C
ST09,2026-10-01T14:00:00,29.0,C
ST01,2026-09-30T20:00:00,9.9,C
ST05,2026-09-30T14:00:00,69.3,F
ST05,2026-09-30T20:00:00,55.8,F
ST06,2026-10-01T00:00:00,7.8,C
ST08,2026-10-01T17:00:00,41.4,C
ST06,2026-09-30T04:00:00,999.0,C
ST07,2026-10-01T14:00:00,31.0,C
